ID,Tytuł,Autor,Data,Wynik (Punkty),Liczba_komentarzy,URL_Postu
42203543,"ICC issues warrants for Netanyahu, Gallant, and Hamas officials",runarberg,2024-11-21 12:13:17,890.0,1023.0,https://news.ycombinator.com/item?id=42203543
40414329,ICC prosecutor seeks arrest warrants against Sinwar and Netanyahu for war crimes,spzx,2024-05-20 11:27:34,644.0,1204.0,https://news.ycombinator.com/item?id=40414329
45416353,Vercel CEO meets with Netanyahu to discuss AI education,cramsession,2025-09-29 17:21:31,225.0,70.0,https://news.ycombinator.com/item?id=45416353
30306926,Police hacking with Pegasus of key Netanyahu trial witness explodes into scandal,tomohawk,2022-02-11 20:59:39,131.0,25.0,https://news.ycombinator.com/item?id=30306926
27494894,Netanyahu is out as new Israeli government survives confidence vote,catchmeifyoucan,2021-06-13 18:17:31,123.0,159.0,https://news.ycombinator.com/item?id=27494894
45391461,Israel took control of Gaza cellphones to stream PM Netanyahu's UN Speech live,Zaheer,2025-09-26 22:01:45,102.0,68.0,https://news.ycombinator.com/item?id=45391461
18581640,Israeli Police Recommend Indicting Netanyahu in Telecom Case,jbegley,2018-12-02 09:46:41,92.0,15.0,https://news.ycombinator.com/item?id=18581640
27495485,"Israel's new prime minister is sworn in, ending Netanyahu's 12-yr grip on power",ourmandave,2021-06-13 19:24:53,53.0,7.0,https://news.ycombinator.com/item?id=27495485
44927125,Netanyahu's cybersecurity official arrested in Vegas in child sex sting,nujabe,2025-08-16 21:41:12,47.0,22.0,https://news.ycombinator.com/item?id=44927125
38835253,Israeli Justices Reject Netanyahu-Led Move to Limit Court,pg_1234,2024-01-01 20:55:35,45.0,18.0,https://news.ycombinator.com/item?id=38835253
45486855,A selfie with Netanyahu turns into an employee and customer exodus,donohoe,2025-10-06 01:39:08,36.0,10.0,https://news.ycombinator.com/item?id=45486855
27872427,Netanyahu urged Trump to strike Iran after losing presidency,xbmcuser,2021-07-18 12:40:08,32.0,20.0,https://news.ycombinator.com/item?id=27872427
37899234,Steve Bell sacked by Guardian in antisemitism row over Netanyahu cartoon,basisword,2023-10-16 12:59:38,31.0,22.0,https://news.ycombinator.com/item?id=37899234
45437551,"Developers drop Vercel, call for boycott after CEO posts selfie with Netanyahu",botanical,2025-10-01 13:35:02,31.0,2.0,https://news.ycombinator.com/item?id=45437551
47660104,Was Trump oblivious to the realities of Netanyahu's promised 'easy' war on Iran?,hebelehubele,2026-04-06 12:35:21,17.0,7.0,https://news.ycombinator.com/item?id=47660104
42203553,ICC issues arrest warrants for Netanyahu and Hamas officials,Tomte,2024-11-21 12:15:04,17.0,1.0,https://news.ycombinator.com/item?id=42203553
42967837,Netanyahu gifts Trump a golden pager during US visit,nico,2025-02-07 00:12:36,16.0,5.0,https://news.ycombinator.com/item?id=42967837
45398934,Netanyahu meets with influencers to discuss using social media as a weapon,cramsession,2025-09-27 20:08:02,16.0,4.0,https://news.ycombinator.com/item?id=45398934
34162668,Netanyahu government makes West Bank settlement expansion its priority,n1b0m,2022-12-28 16:34:31,16.0,1.0,https://news.ycombinator.com/item?id=34162668
45124951,Google's $45M Contract with Netanyahu's Office to Spread Propaganda,miohtama,2025-09-04 08:23:07,15.0,5.0,https://news.ycombinator.com/item?id=45124951
45386368,AP: Israel takes over phones of Gaza residents to carry Netanyahu speech live,bhouston,2025-09-26 13:37:43,15.0,2.0,https://news.ycombinator.com/item?id=45386368
45905912,Trump urges Israel's president to pardon Benjamin Netanyahu,onemoresoop,2025-11-12 20:19:00,15.0,1.0,https://news.ycombinator.com/item?id=45905912
44824487,Netanyahu plans to fully occupy Gaza before handing governance to Arab nations,zahirbmirza,2025-08-07 13:53:59,14.0,5.0,https://news.ycombinator.com/item?id=44824487
44854732,Leaked Transcript Confirms Netanyahu Chose to Starve Gaza as a Method of War,mdhb,2025-08-10 12:25:48,13.0,2.0,https://news.ycombinator.com/item?id=44854732
43567580,Hungary says it will pull out of ICC as Orban hosts Israel's Netanyahu,croes,2025-04-03 10:34:08,9.0,2.0,https://news.ycombinator.com/item?id=43567580
47330681,"The No World Order: Meir Kahane, Netanyahu, Trump, and the War Beyond Iran",hkhn,2026-03-11 00:59:12,9.0,1.0,https://news.ycombinator.com/item?id=47330681
47418702,Netanyahu Posts 'Proof of Life' Video as A.I. Sows Doubts About What's Real,geox,2026-03-17 21:40:27,9.0,0.0,https://news.ycombinator.com/item?id=47418702
8003763,Netanyahu government knew teens were dead as it whipped up racist frenzy,irv,2014-07-08 10:14:03,8.0,9.0,https://news.ycombinator.com/item?id=8003763
40415132,ICC Prosecutor Requests Warrants for Netanyahu and Hamas Leaders,hiatus,2024-05-20 13:17:25,8.0,2.0,https://news.ycombinator.com/item?id=40415132
35322787,Israel Boils as Netanyahu Ousts Minister Who Bucked Court Overhaul,2xdev,2023-03-27 04:15:23,8.0,1.0,https://news.ycombinator.com/item?id=35322787
47405251,Benjamin Netanyahu is struggling to prove he's not an AI clone,amrrs,2026-03-16 21:35:50,8.0,0.0,https://news.ycombinator.com/item?id=47405251
14699370,Netanyahu to Modi:In Silicon Valley the 2 most spoken languages are Hindi&Hebrew,ehudla,2017-07-05 01:11:48,8.0,0.0,https://news.ycombinator.com/item?id=14699370
34995809,Netanyahu Can't Stop Israel's Regime Coup,graderjs,2023-03-02 14:09:33,7.0,13.0,https://news.ycombinator.com/item?id=34995809
34375627,Netanyahu government's 'reforms' are an attack on all Israelis – opinion,eternalban,2023-01-14 00:00:54,7.0,1.0,https://news.ycombinator.com/item?id=34375627
44364479,"Netanyahu decided on Iran war last year, then sought to recruit Trump",handfuloflight,2025-06-24 09:59:14,7.0,0.0,https://news.ycombinator.com/item?id=44364479
43233890,What Does Netanyahu Want?,akiber,2025-03-02 19:14:50,6.0,2.0,https://news.ycombinator.com/item?id=43233890
40704236,Benjamin Netanyahu dissolves Israeli war cabinet,hggh,2024-06-17 10:44:10,5.0,0.0,https://news.ycombinator.com/item?id=40704236
40430502,The International Criminal Court Just Saved Benjamin Netanyahu,Bostonian,2024-05-21 16:21:45,5.0,0.0,https://news.ycombinator.com/item?id=40430502
37561721,Musk and Netanyahu blame “armies of bots” for spreading antisemitism on X,rntn,2023-09-18 20:40:34,4.0,3.0,https://news.ycombinator.com/item?id=37561721
47420922,"'Celebrate, we're watching from the sky' Netanyahu to protect Iranians on Nowruz",thomassmith65,2026-03-18 02:23:24,4.0,1.0,https://news.ycombinator.com/item?id=47420922
47258106,Douglas MacGregor Claims Netanyahu Draggin US into War [video],t23414321,2026-03-05 06:06:59,4.0,1.0,https://news.ycombinator.com/item?id=47258106
45668602,Netanyahu calls claims Israel is client state of Washington 'hogwash',NomDePlum,2025-10-22 13:13:11,4.0,0.0,https://news.ycombinator.com/item?id=45668602
39480158,Netanyahu Pushes for Indefinite Military Control over Gaza,hulahoof,2024-02-23 13:14:48,4.0,0.0,https://news.ycombinator.com/item?id=39480158
37562847,Elon Musk hits out at Soros foundation before meeting Israel’s Netanyahu,clouddrover,2023-09-18 22:15:09,4.0,0.0,https://news.ycombinator.com/item?id=37562847
22284421,App Used by Netanyahu's Likud Leaks Israel's Entire Voter Registry,yuvadam,2020-02-09 21:25:13,4.0,0.0,https://news.ycombinator.com/item?id=22284421
16893778,Portman’s V for Vendetta Against Netanyahu Touches Raw Nerve for Israel,piokuc,2018-04-21 22:46:18,4.0,0.0,https://news.ycombinator.com/item?id=16893778
37812316,Unthinkable security lapse on Netanyahu's watch,spzx,2023-10-08 17:06:59,3.0,2.0,https://news.ycombinator.com/item?id=37812316
10425335,"Netanyahu, Saying Palestinian Mufti Inspired Holocaust, Draws Broad Criticism",davidf18,2015-10-21 13:47:34,3.0,2.0,https://news.ycombinator.com/item?id=10425335
48105763,"Netanyahu, Israeli Pm, boasting he can easily paint anyone as a monster",juliusceasar,2026-05-12 08:44:01,3.0,1.0,https://news.ycombinator.com/item?id=48105763
35080429,March of the unicorns: Israel’s tech sector rebels against Netanyahu,myth_drannon,2023-03-09 12:06:28,3.0,1.0,https://news.ycombinator.com/item?id=35080429
9095842,Leaked cables show Netanyahu’s Iran bomb claim contradicted by Mossad,antr,2015-02-23 18:13:48,3.0,0.0,https://news.ycombinator.com/item?id=9095842
36697153,Benjamin Netanyahu interview on Lex Fridman Podcast #389 [video],Jimmc414,2023-07-12 16:30:41,3.0,0.0,https://news.ycombinator.com/item?id=36697153
28564630,Netanyahu reportedly offered lucrative Oracle board seat by Larry Ellison,olvy0,2021-09-17 12:26:46,3.0,0.0,https://news.ycombinator.com/item?id=28564630
20293167,Israeli AG investigating collusion between FB and Netanyahu on 2019 election,ealexhudson,2019-06-27 10:26:36,3.0,0.0,https://news.ycombinator.com/item?id=20293167
10607092,Spain ‘issues arrest warrant’ for Israeli PM Netanyahu over 2010 flotilla attack,bildung,2015-11-21 16:09:31,3.0,0.0,https://news.ycombinator.com/item?id=10607092
10430577,Germany tells Netanyahu: We are responsible for the Holocaust,ComputerGuru,2015-10-22 05:45:06,2.0,2.0,https://news.ycombinator.com/item?id=10430577
37561331,Israeli leader Netanyahu asks Elon Musk to condemn antisemitism on X,c420,2023-09-18 20:10:01,2.0,1.0,https://news.ycombinator.com/item?id=37561331
36865489,What’s happening in Israel? Protests over Netanyahu’s judicial overhaul,momirlan,2023-07-25 16:58:33,2.0,1.0,https://news.ycombinator.com/item?id=36865489
19158097,Giuliani Calls for Regime Change in Iran as Netanyahu Raises the Specter of War,yasp,2019-02-13 23:16:03,2.0,1.0,https://news.ycombinator.com/item?id=19158097
10586484,Spain issues arrest warrant for Netanyahu,dmichulke,2015-11-18 07:34:02,2.0,1.0,https://news.ycombinator.com/item?id=10586484
9218521,"I am Norman Finkelstein, I think Netanyahu is a maniac. AMA",01Michael10,2015-03-17 15:24:39,2.0,0.0,https://news.ycombinator.com/item?id=9218521
8105987,Leaked excerpts of Obama-Netanyahu Call,lmg643,2014-07-30 01:44:21,2.0,0.0,https://news.ycombinator.com/item?id=8105987
40033218,Strikes within Iran approved but called off following Biden/Netanyahu call,h2odragon,2024-04-14 18:29:43,2.0,0.0,https://news.ycombinator.com/item?id=40033218
39077834,Protesters call for change to Netanyahu government,cranberryturkey,2024-01-21 12:25:57,2.0,0.0,https://news.ycombinator.com/item?id=39077834
36905570,Exodus: The Israelis Planning Their Escape from Netanyahu’s Judicial Coup,keepamovin,2023-07-28 11:54:30,2.0,0.0,https://news.ycombinator.com/item?id=36905570
36199238,"After speaking to Musk and Altman, Netanyahu to set up national AI policy team",gmays,2023-06-05 16:56:08,2.0,0.0,https://news.ycombinator.com/item?id=36199238
30249243,Netanyahu trial delayed over claims police illegally deployed Pegasus,JumpCrisscross,2022-02-07 18:50:47,2.0,0.0,https://news.ycombinator.com/item?id=30249243
29966976,Faint echoes of Ford pardoning Nixon in possible Netanyahu plea deal,trifit,2022-01-17 14:44:46,2.0,0.0,https://news.ycombinator.com/item?id=29966976
27488351,Netanyahu will be replaced today with a new prime minister – Bennett,chagaif,2021-06-12 23:30:14,2.0,0.0,https://news.ycombinator.com/item?id=27488351
24654344,Facebook blocks “dictator” comments in hebrew on Netanyahu’s page,itaifrenkel,2020-10-01 18:19:33,2.0,0.0,https://news.ycombinator.com/item?id=24654344
21598806,"Netanyahu Charged with Bribery, Fraud and Breach of Trust, Capping Dramatic Year",e12e,2019-11-21 19:58:20,2.0,0.0,https://news.ycombinator.com/item?id=21598806
20953848,Facebook Suspends Netanyahu’s Likud Party Bot for Hate Speech,johnny313,2019-09-12 17:08:59,2.0,0.0,https://news.ycombinator.com/item?id=20953848
16957558,"Jack Ma in Israel, Will Meet with Netanyahu",orr-h,2018-04-30 11:09:57,2.0,0.0,https://news.ycombinator.com/item?id=16957558
16369998,"Israeli Police Recommend Charging Netanyahu for Bribery, Fraud",dcgudeman,2018-02-13 19:35:14,2.0,0.0,https://news.ycombinator.com/item?id=16369998
15188802,The Reasons for Netanyahu’s Panic,cinquemb,2017-09-07 02:45:18,2.0,0.0,https://news.ycombinator.com/item?id=15188802
15123979,Netanyahu Vows to Never Remove Israeli Settlements: 'We're Here to Stay Forever',user982,2017-08-29 13:09:25,2.0,0.0,https://news.ycombinator.com/item?id=15123979
11369563,What happens when AIPAC slams Trump's racism only to find out it was Netanyahu,mouzogu,2016-03-27 10:39:53,2.0,0.0,https://news.ycombinator.com/item?id=11369563
9213821,Netanyahu Says No Palestinian State If He Is Re-Elected,adilmajid,2015-03-16 19:40:05,1.0,0.0,https://news.ycombinator.com/item?id=9213821
7136996,Netanyahu: We need a UN of the Internet,wslh,2014-01-28 13:45:59,1.0,0.0,https://news.ycombinator.com/item?id=7136996
4651265,Netanyahu: Israel subject to increasing number of cyber attacks,maayank,2012-10-14 11:55:01,1.0,0.0,https://news.ycombinator.com/item?id=4651265
45415690,Secret Service vehicle erupts outside White House ahead of Netanyahu visit,DocFeind,2025-09-29 16:29:06,1.0,0.0,https://news.ycombinator.com/item?id=45415690
45390073,"Netanyahu says UN speech broadcast on tapped cell phones, loudspeakers in Gaza",c420,2025-09-26 19:22:34,1.0,0.0,https://news.ycombinator.com/item?id=45390073
29980075,Israeli police accused of using Pegasus spyware on Netanyahu's opponents,daddylonglegs,2022-01-18 14:56:44,1.0,0.0,https://news.ycombinator.com/item?id=29980075
25913893,Facebook Blocks Netanyahu Chatbot over Privacy Infraction,lazycrazyowl,2021-01-26 09:19:02,1.0,0.0,https://news.ycombinator.com/item?id=25913893
21015951,"Gantz Declares Win, Rejects Netanyahu’s Call for Negotiations",Anon84,2019-09-19 13:29:42,1.0,0.0,https://news.ycombinator.com/item?id=21015951
20964004,Netanyahu said to have offered Lewinsky tapes for Pollard (2014),yasp,2019-09-13 17:04:37,1.0,0.0,https://news.ycombinator.com/item?id=20964004
16371824,"Netanyahu Should Be Charged with Bribery and Fraud, Israeli Police Say",johnny313,2018-02-13 23:17:46,1.0,0.0,https://news.ycombinator.com/item?id=16371824
15921718,"Netanyahu: Banks Will Disappear, Possibly Due to Bitcoin",wsc981,2017-12-14 12:24:32,1.0,0.0,https://news.ycombinator.com/item?id=15921718
37883889,Apocalyptic genocide of Palestinians are happening and nobody cares,doubt_me,2023-10-14 20:16:46,20.0,20.0,https://news.ycombinator.com/item?id=37883889
45008585,"I'm happy with Bluesky but what happened to Threads (and also ""x""?)",adinhitlore,2025-08-24 23:01:35,5.0,1.0,https://news.ycombinator.com/item?id=45008585
38830355,Memorable News Events of 2023,haebom,2024-01-01 08:03:41,1.0,0.0,https://news.ycombinator.com/item?id=38830355
9965798,,tw04,2015-07-29 01:50:36,,,https://news.ycombinator.com/item?id=9965798
9917332,,drzaiusapelord,2015-07-20 17:00:12,,,https://news.ycombinator.com/item?id=9917332
9910247,,lisper,2015-07-19 06:42:16,,,https://news.ycombinator.com/item?id=9910247
9887392,,dragontamer,2015-07-14 19:24:54,,,https://news.ycombinator.com/item?id=9887392
9887009,,bsaul,2015-07-14 18:26:09,,,https://news.ycombinator.com/item?id=9887009
9886865,,glenndebacker,2015-07-14 18:06:28,,,https://news.ycombinator.com/item?id=9886865
9886074,,Systemic33,2015-07-14 16:22:55,,,https://news.ycombinator.com/item?id=9886074
9712697,,JesperRavn,2015-06-13 21:15:14,,,https://news.ycombinator.com/item?id=9712697
9712671,,JesperRavn,2015-06-13 21:09:21,,,https://news.ycombinator.com/item?id=9712671
